Date_week_commencing_Saturday,Month,Volume_in_KG_of_sales_of_pack,Average_Price,Average_Price,PromotionLow_Display,Promotion_Display,Promotion_Other,Promotion_Money_Off,Promotion_Money_Back,Promotion_2_for_3,Promtion_Temporary_Price_Reduction,Promotion_Display,Promtion_Temporary_Price_Reduction,Promotion_Half_Price,Promotion_Display,Promotion_Money_Off,Consumer_confidence_from_GSK,Google_trends_of_the_term_horse_meat_scandal,Television_advert_spend,Newspaper_advert_spend,total_Spend_on_the_facebook_advertising,Spend_of_Television_sponsorship_sponsoring_the_TV_show,UK weather,UK weather,UK weather,UK weather,Dummy variable,Dummy variable,Bank Holiday (BH)Dummy variable,Bank Holiday (BH)Dummy variable,Bank Holiday (BH)Dummy variable,Bank Holiday (BH)Dummy variable,Dummy Variable,Dummy Variable,Bank Holiday (BH)Dummy variable,Bank Holiday (BH)Dummy variable,Bank Holiday (BH)Dummy variable,Dummy Variable,Dummy Variable,Dummy Variable,Dummy Variable,Dummy Variable,Dummy Variable
Date,Month,Volume_Super_Bacon_Thick_454g,kg_Avg_Price_Super_Bacon_Thick_454g,kg_Avg_Price_Super_Bacon_Thick_681g,Promos__Super_Bacon_Thick_454g_lowDisp,Promos__Super_Bacon_Thick_454g_Disp,Promos__Super_Bacon_Thick_454g_Other,Promos__Super_Bacon_Thick_454g_low_Money_Off,Promos__Super_Bacon_Thick_454g_MB,Promos__Super_Bacon_Thick_454g_2for3pn,Promos__Super_Bacon_Thick_454g_TPR,Promos__Super_Bacon_Thick_681g_Disp,Promos__Super_Bacon_Thick_681g_TPR,Promos__Super_Bacon_Thick_681g_Half_Price,Promos__Super_Bacon_Thin_340g_Disp,Promos__Super_Bacon_Thin_340g_Money_Off,Economy_Consumer_Confidence_Index_,Horse_Meat_Scandal,Super_Bacon_Media__Bacon__TV_Spend,Super_Bacon_Media__Press__Spend,Super_Bacon_Media__Facebook_Spend,Super_Bacon_Media__TV_Sponsorship,Seasonality__Average_Temperature_C,Seasonality__Snow_,Seasonality__Precipitation_,Seasonality__Sunshine_,Seasonality__New_Years_Day,Seasonality__Valentines_Day,Seasonality__Easter_Monday_BH,Seasonality__Early_May_BH,Seasonality__Spring_BH,Seasonality__Summer_BH,Seasonality__Christmas,Seasonality__New_Years_Eve,Seasonality__Royal_Wedding_BH,Seasonality__Diamond_Jubilee_BH,Seasonality__All_Bank_Holidays,Seasonality__2012_London_Olympics,Seasonality__2011_Riots,Seasonality__Football_Euros,Seasonality__Mothers_Day,Seasonality__Fathers_Day,Seasonality__St_Patricks_Day
09/04/2011,4,31316.5,4.497651398,2.935353781,0,0,0,0,0,0,0,0.142783748,0.237972913,0,0,0,-29.28571429,0,0,0,0,0,12.83725968,0,10.24771451,6.168367347,0,0,0,0,0,0,0,0,0,0,0,0,0,0,1,0,0
16/04/2011,4,34988.9,4.636539017,3.383549734,0,0,0,0,0,0,0,0,0.142783748,0,0,0,-27.28571429,0,0,0,0,0,11.589675,0,3.627612938,4.693877551,0,0,0,0,0,0,0,0,0,0,0,0,0,0,0,0,0
23/04/2011,4,47610.5,4.606380945,4.393871293,0,0,0,0,0,0,0,0,0,0,0,0,-25.28571429,0,0,0,0,0,15.3907308,0,1.383908046,8.326530612,0,0,0,0,0,0,0,0,0,0,1,0,0,0,0,0,0
30/04/2011,4,43975.3,4.642551614,3.182245351,0,0,0,0,0,0,0,0,0.095189165,0,0,0,-23.28571429,0,0,0,0,0,13.53821679,0,0.977011494,9.035714286,0,0,1,0,0,0,0,0,1,0,2,0,0,0,0,0,0
07/05/2011,5,32060.6,4.634514014,2.935735889,0,0,0,0,0,0,0,0,0.333162079,0,0,0,-21.46938776,0,0,0,0,0,14.0834088,0,9.112643678,8.006279435,0,0,0,1,0,0,0,0,0,0,1,0,0,0,0,0,0
14/05/2011,5,26900,4.575085502,2.934231269,0,0,0,0,0,0,0,0,0.333162079,0,0,0,-21.85714286,0,0,0,0,0,13.58111213,0,16.10753683,6.534769463,0,0,0,0,0,0,0,0,0,0,0,0,0,0,0,0,0
21/05/2011,5,29983.1,4.534357688,3.060636341,0,0,0,0,0,0,0,0,0.142783748,0,0,0,-22.85714286,0,0,0,0,0,13.52797123,0,11.07126437,4.239417989,0,0,0,0,0,0,0,0,0,0,0,0,0,0,0,0,0
28/05/2011,5,33339.9,4.620535754,3.719082672,0,0,0,0,0,0,0,0,0,0,0,0,-23.85714286,0,0,0,0,0,12.81552061,0,18.35752473,5.173469388,0,0,0,0,0,0,0,0,0,0,0,0,0,0,0,0,0
04/06/2011,6,34623.9,4.626604744,3.999972248,0,0,0,0,0,0,0,0,0,0,0,0,-24.87244898,0,0,0,0,0,15.88999977,0,9.153181552,7.735260771,0,0,0,0,1,0,0,0,0,0,1,0,0,0,0,0,0
11/06/2011,6,58825.2,4.279902151,4.146044285,0,0.088090661,0,0,0.105708793,0,0,0,0,0,0,0,-26.07142857,0,106991,0,0,0,12.95415615,0,16.25603283,5.774187453,0,0,0,0,0,0,0,0,0,0,0,0,0,0,0,0,0
18/06/2011,6,66231.8,4.066764002,3.702767634,0,0.123326925,0,0,0.123326925,0,0,0,0,0,0,0,-27.32142857,0,0,0,0,0,14.67481472,0,28.55862069,5.209750567,0,0,0,0,0,0,0,0,0,0,0,0,0,0,0,0,0
25/06/2011,6,62160.3,4.161659451,3.661716852,0,0.035236264,0,0,0.123326925,0,0,0,0,0,0,0,-28.57142857,0,120366,0,0,0,15.06980437,0,18.27014167,3.931027967,0,0,0,0,0,0,0,0,0,0,0,0,0,0,0,1,0
02/07/2011,7,42763.2,4.377046152,4.072786782,0,0,0,0,0.035236264,0,0,0,0,0,0,0,-29.75714286,0,0,0,0,0,17.27193342,0,4.559075114,7.63133031,0,0,0,0,0,0,0,0,0,0,0,0,0,0,0,0,0
09/07/2011,7,32281.2,4.627529336,3.743305433,0,0,0,0,0,0,0,0,0,0,0,0,-30.17142857,0,107848,0,0,0,17.14159903,0,20.01395349,6.277966742,0,0,0,0,0,0,0,0,0,0,0,0,0,0,0,0,0
16/07/2011,7,34622,4.618314944,4.288165108,0,0,0,0,0,0,0,0,0,0,0,0,-30.37142857,0,0,0,0,0,16.86717641,0,12.57209302,5.518533054,0,0,0,0,0,0,0,0,0,0,0,0,0,0,0,0,0
23/07/2011,7,42823.6,4.113656956,3.095256589,0,0,0,0.127634901,0,0,0,0,0.237972913,0,0,0,-30.57142857,0,107848,0,0,0,15.17896781,0,18.95233895,3.391534392,0,0,0,0,0,0,0,0,0,0,0,0,0,0,0,0,0
30/07/2011,7,39703.7,4.049824072,2.934998751,0,0,0,0.127634901,0,0,0,0.237972913,0.333162079,0,0,0,-30.77142857,0,0,0,0,0,17.29085259,0,2.353221064,5.585112206,0,0,0,0,0,0,0,0,0,0,0,0,0,0,0,0,0
06/08/2011,8,37677.5,4.09445425,2.935191909,0,0,0,0.036467114,0,0,0,0.142783748,0.333162079,0,0,0,-30.94387755,0,0,0,0,0,18.2556636,0,16.12702486,3.935960591,0,0,0,0,0,0,0,0,0,0,0,0,1,0,0,0,0
13/08/2011,8,34263.4,4.411628735,3.438679701,0,0,0,0,0,0,0,0,0.142783748,0,0,0,-30.78571429,0,0,0,0,0,16.3195038,0,26.49318364,3.504398311,0,0,0,0,0,0,0,0,0,0,0,0,5,0,0,0,0
20/08/2011,8,32693,4.610672009,4.373518531,0,0,0,0,0,0,0,0,0,0,0,0,-30.53571429,0,0,0,0,0,16.43787998,0,10.7018177,4.983638283,0,0,0,0,0,0,0,0,0,0,0,0,0,0,0,0,0
27/08/2011,8,33718.6,4.633899391,4.388764969,0,0,0,0,0,0,0,0,0,0,0.155694924,0.233542385,-30.28571429,0,0,0,0,0,15.9739186,0,19.54482759,4.21182266,0,0,0,0,0,0,0,0,0,0,0,0,0,0,0,0,0
03/09/2011,9,32061.5,4.633413908,4.39172039,0,0,0,0,0,0,0,0,0,0,0.272466116,0.272466116,-30.08163265,0,0,0,0,0,15.46879197,0,10.21488907,3.204785362,0,0,0,0,0,1,0,0,0,0,1,0,0,0,0,0,0
10/09/2011,9,31728.2,4.60192195,4.374986782,0,0,0,0,0,0,0,0,0,0,0,0.272466116,-30.42857143,0,0,0,0,0,15.44606543,0,20.51034483,2.84729064,0,0,0,0,0,0,0,0,0,0,0,0,0,0,0,0,0
17/09/2011,9,30707.7,4.62935355,4.37889611,0,0,0,0,0,0,0,0,0,0,0,0.272466116,-30.92857143,0,0,0,0,0,14.27192375,0,18.253945,4.45320197,0,0,0,0,0,0,0,0,0,0,0,0,0,0,0,0,0
24/09/2011,9,33841.2,4.619877546,4.386843529,0,0,0,0,0,0,0,0,0,0,0,0.155694924,-31.42857143,0,0,0,0,0,14.11071008,0,15.24883721,3.980295567,0,0,0,0,0,0,0,0,0,0,0,0,0,0,0,0,0
01/10/2011,10,35717.1,4.627942918,4.392867228,0,0,0,0,0,0,0,0,0,0,0,0,-31.88571429,0,0,0,0,0,17.57511314,0,9.699492114,5.78817734,0,0,0,0,0,0,0,0,0,0,0,0,0,0,0,0,0
08/10/2011,10,33981,4.637129572,4.394209978,0,0,0,0,0,0,0,0,0,0,0,0,-31.82857143,0,0,0,0,0,13.83797082,0.052631579,14.55037539,3.104152006,0,0,0,0,0,0,0,0,0,0,0,0,0,0,0,0,0
15/10/2011,10,27954.1,4.562314652,2.390947522,0,0,0,0,0,0,0,0,0,0.356672269,0,0,-31.62857143,0,0,0,0,0,13.41099394,5.291666667,18.05434783,2.448275862,0,0,0,0,0,0,0,0,0,0,0,0,0,0,0,0,0
22/10/2011,10,11123.5,4.143120421,2.203934372,0,0,0,0,0,0,0,0.499341176,0,0.499341176,0,0,-31.42857143,0,0,0,0,0,10.3509252,0,17.77814142,3.930330753,0,0,0,0,0,0,0,0,0,0,0,0,0,0,0,0,0
29/10/2011,10,25018.1,4.399442803,2.206981382,0,0,0,0,0,0,0,0.499341176,0,0.499341176,0,0,-31.22857143,0,0,0,0,0,11.53054486,0.176551854,24.51662685,2.507389163,0,0,0,0,0,0,0,0,0,0,0,0,0,0,0,0,0
05/11/2011,11,30090.2,4.362417,2.203316042,0,0,0,0,0,0,0,0.214003361,0,0.499341176,0,0,-31.07142857,0,0,0,0,0,12.07189656,0.035714286,20.58983596,2.094475721,0,0,0,0,0,0,0,0,0,0,0,0,0,0,0,0,0
12/11/2011,11,29887.7,4.49357428,2.955518085,0,0,0,0,0,0,0,0.171363483,0.239908876,0,0,0,-31.42857143,0,0,0,0,0,10.370923,0,7.046841883,2.21833216,0,0,0,0,0,0,0,0,0,0,0,0,0,0,0,0,0
19/11/2011,11,29757.4,4.58232238,3.340324743,0,0,0,0,0,0,0,0.239908876,0.239908876,0,0,0,-31.92857143,0,0,0,0,0,9.784406012,0.120128205,5.672041442,1.960591133,0,0,0,0,0,0,0,0,0,0,0,0,0,0,0,0,0
26/11/2011,11,30289.1,4.571152659,3.336811137,0,0,0,0,0,0,0,0.20563618,0.239908876,0,0,0,-32.42857143,0,0,0,0,0,9.654884709,0,16.50216763,1.384236453,0,0,0,0,0,0,0,0,0,0,0,0,0,0,0,0,0
03/12/2011,12,31990.2,4.578305231,3.68557348,0,0,0,0,0,0,0,0,0.137090786,0,0,0.096678114,-32.84897959,0,0,0,0,0,7.651686375,0.127619048,27.50096656,1.853976073,0,0,0,0,0,0,0,0,0,0,0,0,0,0,0,0,0
10/12/2011,12,33759,4.58801801,4.353292029,0,0,0,0,0,0,0,0,0,0,0.096678114,0.112791133,-32.31428571,0,0,0,0,0,4.732667411,4.5,23.19055417,1.842892329,0,0,0,0,0,0,0,0,0,0,0,0,0,0,0,0,0
17/12/2011,12,35867.8,4.588725821,4.399059601,0,0,0,0,0,0,0,0,0,0,0.112791133,0.112791133,-31.51428571,0,0,0,0,0,4.575252328,7.041666667,35.48757426,1.822660099,0,0,0,0,0,0,0,0,0,0,0,0,0,0,0,0,0
24/12/2011,12,48900.8,4.566671711,4.397975817,0,0,0,0,0,0,0,0,0,0,0,0.112791133,-30.71428571,0,0,0,0,0,7.001042699,3.25,21.7458822,0.94980061,0,0,0,0,0,0,0,0,0,0,0,0,0,0,0,0,0
31/12/2011,12,33020.3,4.462760787,4.397764063,0,0,0,0,0,0,0,0,0,0,0,0,-29.91428571,0,0,0,0,0,8.715081032,0,20.80312751,0.512738812,0,0,0,0,0,0,1,1,0,0,2,0,0,0,0,0,0
07/01/2012,1,36581.5,4.515908314,4.376304865,0,0,0,0,0,0,0,0,0,0,0,0,-29.16326531,0,123200,0,0,0,6.850963188,3.617647059,28.63509878,1.738186462,1,0,0,0,0,0,0,0,0,0,1,0,0,0,0,0,0
14/01/2012,1,34104.5,4.527930332,4.381030246,0,0,0,0,0,0,0,0,0,0,0,0,-29,0,0,0,0,0,6.716647454,0,6.591241062,2.177339901,0,0,0,0,0,0,0,0,0,0,0,0,0,0,0,0,0
21/01/2012,1,32333,4.549451025,4.388606314,0,0,0,0,0,0,0,0,0,0,0,0,-29,0,86625,0,0,0,5.276599648,0,13.58673239,2.088669951,0,0,0,0,0,0,0,0,0,0,0,0,0,0,0,0,0
28/01/2012,1,31827.2,4.164183466,4.369864166,0,0,0,0.168560671,0,0,0,0,0,0,0,0,-29,0,0,0,0,0,5.645911862,0,18.75742659,2.172413793,0,0,0,0,0,0,0,0,0,0,0,0,0,0,0,0,0
04/02/2012,2,39596.5,3.90089023,4.385085637,0.168560671,0,0,0.168560671,0,0,0,0,0,0,0,0,-29.03061224,0,104781,0,0,0,1.419184737,2.5,9.5797558,2.679802956,0,0,0,0,0,0,0,0,0,0,0,0,0,0,0,0,0
11/02/2012,2,37883.6,3.910847966,2.346077059,0.168560671,0,0,0.168560671,0,0,0,0,0,0.428479812,0,0,-29.42857143,0,0,0,0,0,1.926956815,31.41904762,12.68912741,2.133004926,0,0,0,0,0,0,0,0,0,0,0,0,0,0,0,0,0
18/02/2012,2,31873.1,3.90045838,2.202636308,0,0,0,0.168560671,0,0,0,0.428479812,0,0.499893114,0,0,-29.92857143,0,112689,0,0,0,6.987851318,2.6,7.516187291,1.192118227,0,1,0,0,0,0,0,0,0,0,0,0,0,0,0,0,0
25/02/2012,2,27279,3.858873126,2.20188467,0,0,0,0.168560671,0,0,0,0.499893114,0,0.499893114,0,0,-30.42857143,0,0,0,0,0,8.249457834,0,8.986956522,2.630541872,0,0,0,0,0,0,0,0,0,0,0,0,0,0,0,0,0
03/03/2012,3,30330.8,3.876927084,2.628404164,0,0,0,0.168560671,0,0,0,0,0,0.285653208,0,0,-30.89795918,0,60036,0,0,0,9.203997755,0,4.305324866,2.384236453,0,0,0,0,0,0,0,0,0,0,0,0,0,0,0,0,0
10/03/2012,3,35993.1,3.911174642,3.91452235,0,0,0,0.168560671,0,0,0,0,0,0,0,0.184315856,-31,0,0,0,0,0,7.691495586,0,16.61141074,3.665024631,0,0,0,0,0,0,0,0,0,0,0,0,0,0,0,0,0
17/03/2012,3,36435.8,3.935955846,3.350014499,0,0,0,0.168560671,0,0,0,0,0,0,0,0.184315856,-31,0,0,0,0,0,8.629838012,0,4.381360662,2.36453202,0,0,0,0,0,0,0,0,0,0,0,0,0,0,0,0,1
24/03/2012,3,34187.6,4.221352186,3.995087871,0,0,0,0.168560671,0,0,0,0,0,0,0,0.184315856,-31,0,0,0,0,0,10.56962716,0,3.938803419,5.748768473,0,0,0,0,0,0,0,0,0,0,0,0,0,0,1,0,0
31/03/2012,3,32156.8,4.603971788,4.378454768,0,0,0,0,0,0,0,0,0,0,0,0.184315856,-31,0,0,0,0,0,12.58845355,0,0.264297924,9.190534835,0,0,0,0,0,0,0,0,0,0,0,0,0,0,0,0,0
07/04/2012,4,33915.2,4.611507525,3.036297588,0,0,0,0,0,0,0,0,0,0,0,0.184315856,-30.96938776,0,0,0,0,0,8.004114232,0,13.91319433,3.052251935,0,0,0,0,0,0,0,0,0,0,1,0,0,0,0,0,0
14/04/2012,4,31397.7,4.610098829,3.687861204,0,0,0,0,0,0,0,0,0,0,0,0,-30.57142857,0,0,0,0,0,8.446223647,0,17.68836768,4.461470795,0,0,1,0,0,0,0,0,0,0,1,0,0,0,0,0,0
21/04/2012,4,48759.1,3.956707568,3.039658011,0,0,0,0,0,0.159808461,0,0,0,0,0,0,-30.07142857,0,0,0,0,0,8.19413386,0,23.55918152,4.916256158,0,0,0,0,0,0,0,0,0,0,0,0,0,0,0,0,0
28/04/2012,4,52443.8,3.63441055,2.934447123,0,0,0,0,0,0.223731846,0,0,0,0,0,0,-29.57142857,0,0,0,0,0,8.869497172,0,28.17697192,3.744722027,0,0,0,0,0,0,0,0,0,0,0,0,0,0,0,0,0
05/05/2012,5,54960.3,3.603864972,2.934028843,0,0,0,0,0,0.223731846,0,0,0,0,0,0,-29.10204082,0,0,0,0,0,9.485264102,0.03030303,20.49444444,3.612596763,0,0,0,0,0,0,0,0,0,0,0,0,0,0,0,0,0
12/05/2012,5,56076.7,3.605156866,4.010461174,0,0,0,0,0,0.223731846,0,0,0,0,0,0,-29,0,0,0,0,0,10.80606668,0,23.97713065,5.108374384,0,0,0,1,0,0,0,0,0,0,1,0,0,0,0,0,0
19/05/2012,5,36738.6,3.733726925,3.945583594,0,0,0.194408526,0,0,0,0,0,0,0,0,0,-29,0,0,0,0,0,10.32062867,0,14.04927961,4.773399015,0,0,0,0,0,0,0,0,0,0,0,0,0,0,0,0,0
26/05/2012,5,37376.9,3.741302783,4.199593479,0,0.194408526,0.194408526,0,0,0,0,0,0,0,0,0,-29,0,0,0,0,0,17.35615368,0,0.237680098,10.2879558,0,0,0,0,0,0,0,0,0,0,0,0,0,0,0,0,0
02/06/2012,6,38219.5,3.739059904,4.3776535,0,0.138863233,0.194408526,0,0,0,0,0,0,0,0,0,-29,0,0,0,0,0,15.80964844,0,9.254143634,7.451442646,0,0,0,0,0,0,0,0,0,0,0,0,0,0,0,0,0
09/06/2012,6,33806.7,3.795439957,3.080068017,0,0,0.138863233,0,0,0,0,0,0.29793243,0,0,0,-29,0,0,0,0,0,12.79333786,0,39.14667915,3.15270936,0,0,0,0,1,0,0,0,0,1,2,0,0,2,0,0,0
16/06/2012,6,29485,3.482428353,2.908183509,0,0,0.250412211,0,0,0,0,0.29793243,0.347587835,0,0,0,-29,0,0,0,0,0,12.94704993,0,27.66050789,3.212702322,0,0,0,0,0,0,0,0,0,0,0,0,0,7,0,0,0
23/06/2012,6,26039.6,3.583637998,2.873180134,0,0.250412211,0.250412211,0,0,0,0,0.347587835,0.347587835,0,0,0,-29,0,0,0,0,0,14.65103749,0,27.34,5.034482759,0,0,0,0,0,0,0,0,0,0,0,0,0,7,0,1,0
30/06/2012,6,27057.5,3.653733715,3.265744755,0,0,0,0,0,0,0,0,0.347587835,0,0,0,-29,0,0,0,0,0,16.61898147,0,22.73220974,3.990499648,0,0,0,0,0,0,0,0,0,0,0,0,0,7,0,0,0
07/07/2012,7,20415,4.433744795,2.953858652,0,0,0,0,0,0,0,0,0.336221769,0,0,0,-29,0,0,0,0,0,16.26965312,0,32.62022472,2.329169599,0,0,0,0,0,0,0,0,0,0,0,0,0,1,0,0,0
14/07/2012,7,17671.9,4.47246759,2.921682288,0,0,0,0,0,0,0,0,0.336221769,0,0,0,-29,0,0,0,0,0,14.57520001,0,21.52229145,2.912737509,0,0,0,0,0,0,0,0,0,0,0,0,0,0,0,0,0
21/07/2012,7,18883.2,4.566482376,2.934054311,0,0,0,0,0,0,0,0.095413873,0.333948556,0,0,0,-29,0,0,0,0,0,15.9206746,0,16.56325218,3.832512315,0,0,0,0,0,0,0,0,0,0,0,0,0,0,0,0,0
28/07/2012,7,21248.1,4.592754176,2.933320276,0,0,0,0,0,0,0,0.333948556,0.333948556,0,0,0,-29,0,0,0,0,0,19.00593171,0,6.718327091,7.312807882,0,0,0,0,0,0,0,0,0,0,0,2,0,0,0,0,0
04/08/2012,8,20430.9,4.601045475,2.934264234,0,0,0,0,0,0,0,0.333948556,0.333948556,0,0,0,-28.98469388,0,0,0,0,0,16.44716322,0,17.12806492,5.038353272,0,0,0,0,0,0,0,0,0,0,0,7,0,0,0,0,0
11/08/2012,8,24628.6,4.565229043,3.389272291,0,0,0,0,0,0,0,0,0.333948556,0,0,0,-28.78571429,0,0,0,0,0,17.8123144,0,8.452084894,5.84729064,0,0,0,0,0,0,0,0,0,0,0,7,0,0,0,0,0
18/08/2012,8,23726.5,4.582433144,3.005899974,0,0,0,0,0,0,0,0,0.333948556,0,0,0,-28.53571429,0,0,0,0,0,19.27711223,0,24.08489388,4.197044335,0,0,0,0,0,0,0,0,0,0,0,1,0,0,0,0,0
25/08/2012,8,20240.2,4.510054248,2.933215485,0,0,0,0,0,0,0,0,0.333948556,0,0,0,-28.28571429,0,0,0,0,0,17.23978896,0,19.28332085,3.995073892,0,0,0,0,0,0,0,0,0,0,0,0,0,0,0,0,0
01/09/2012,9,19360.8,4.45877753,3.133863164,0,0,0,0,0,0,0,0,0.14312081,0,0,0,-28.0755102,0,0,0,0,0,15.49472158,0,23.8375383,4.495712461,0,0,0,0,0,1,0,0,0,0,1,0,0,0,0,0,0
08/09/2012,9,19344,4.444199752,3.813436761,0,0,0,0,0,0,0,0,0,0,0,0,-28.34285714,0,0,0,0,0,17.26010394,0,4.69473953,6.346996918,0,0,0,0,0,0,0,0,0,0,0,0,0,0,0,0,0
15/09/2012,9,23385.5,3.757251288,3.28750587,0,0,0,0,0,0,0,0,0,0,0,0,-28.74285714,0,0,0,0,0,14.80198329,0,13.07555556,4.627902885,0,0,0,0,0,0,0,0,0,0,0,0,0,0,0,0,0
22/09/2012,9,30029.8,3.623833659,3.916396396,0,0,0.276260066,0,0,0,0,0,0,0,0,0,-29.14285714,0,0,0,0,0,12.17591565,0,13.61178527,5.265482055,0,0,0,0,0,0,0,0,0,0,0,0,0,0,0,0,0
29/09/2012,9,38127.8,3.416260576,3.695191446,0,0.276260066,0.276260066,0,0,0,0,0,0,0,0,0,-29.54285714,0,0,0,0,0,11.44161067,0,40.21206349,3.274876847,0,0,0,0,0,0,0,0,0,0,0,0,0,0,0,0,0
06/10/2012,10,32619.4,4.318819476,4.285634944,0,0.276260066,0.276260066,0,0,0,0,0,0,0,0,0,-29.79591837,0,0,0,0,0,11.35195445,0,31.58138577,3.960591133,0,0,0,0,0,0,0,0,0,0,0,0,0,0,0,0,0
13/10/2012,10,32068.3,4.451405282,4.385226888,0,0,0.276260066,0,0,0,0,0,0,0,0,0,-28.28571429,0,0,0,0,0,9.985558525,0,25.62314607,3.399014778,0,0,0,0,0,0,0,0,0,0,0,0,0,0,0,0,0
20/10/2012,10,33632.3,4.450320079,4.382440826,0,0,0,0,0,0,0,0,0,0,0,0,-26.28571429,0,0,0,0,0,9.803893572,2.382352941,24.39578027,3.192118227,0,0,0,0,0,0,0,0,0,0,0,0,0,0,0,0,0
27/10/2012,10,30087.5,4.458781886,2.247723421,0,0,0,0,0,0,0,0.285509674,0,0.428264511,0,0,-24.28571429,0,0,0,0,0,9.172307943,0,5.709775281,2.15270936,0,0,0,0,0,0,0,0,0,0,0,0,0,0,0,0,0
03/11/2012,11,27395.7,4.435075578,2.202089895,0,0,0,0,0,0,0,0.499641929,0,0.499641929,0,0,-22.51530612,0,0,0,0,0,6.819513267,0,28.02652042,2.137931034,0,0,0,0,0,0,0,0,0,0,0,0,0,0,0,0,0
10/11/2012,11,24404.8,4.455705435,2.201864378,0,0,0,0,0,0,0,0.499641929,0,0.499641929,0,0,-23.5,0,0,0,0,0,7.527258944,0,17.41129577,2.490499648,0,0,0,0,0,0,0,0,0,0,0,0,0,0,0,0,0
17/11/2012,11,20108.1,4.437002999,2.201912114,0,0,0,0,0,0,0,0.499641929,0,0.499641929,0,0,-25.25,0,0,0,0,0,8.456651221,0,12.03979476,1.647959184,0,0,0,0,0,0,0,0,0,0,0,0,0,0,0,0,0
24/11/2012,11,18634,4.35096061,2.201104545,0,0,0,0,0,0,0,0.499641929,0,0.499641929,0,0,-27,0,0,0,0,0,7.997376572,5.727272727,40.30850251,1.728647014,0,0,0,0,0,0,0,0,0,0,0,0,0,0,0,0,0
01/12/2012,12,23508.6,4.388861948,2.652953154,0,0,0,0,0,0,0,0,0,0.428264511,0,0,-28.60612245,0,0,0,0,0,4.334097741,0,29.90381271,2.47845805,0,0,0,0,0,0,0,0,0,0,0,0,0,0,0,0,0
08/12/2012,12,31241.6,4.458366409,4.242468695,0,0,0,0,0,0,0,0,0,0,0,0,-28.48571429,0,0,0,0,0,3.721333587,7.5,22.86363858,2.326530612,0,0,0,0,0,0,0,0,0,0,0,0,0,0,0,0,0
15/12/2012,12,32904.6,4.907368575,4.740088558,0,0,0,0,0,0,0,0,0,0,0,0,-27.88571429,0,0,0,0,0,3.310855321,0.205882353,16.41213569,2.010204082,0,0,0,0,0,0,0,0,0,0,0,0,0,0,0,0,0
22/12/2012,12,37731.9,5.329371169,5.111800359,0,0,0,0,0,0,0,0,0,0,0,0,-27.28571429,0,0,0,0,0,6.723188215,0,47.62096871,1.102040816,0,0,0,0,0,0,0,0,0,0,0,0,0,0,0,0,0
29/12/2012,12,26917.2,5.250679863,5.0282456,0,0,0,0,0,0,0,0,0,0,0,0,-26.68571429,0,0,0,0,0,7.318895883,2.705882353,34.47327358,0.609693878,0,0,0,0,0,0,1,0,0,0,2,0,0,0,0,0,0
05/01/2013,1,33256,5.356209406,5.093364433,0,0,0,0,0,0,0,0,0,0,0,0,-26.12244898,0,0,0,0,0,8.44207426,0,14.79552181,1.031746032,1,0,0,0,0,0,0,1,0,0,1,0,0,0,0,0,0
12/01/2013,1,31853.5,5.324265779,5.069010049,0,0,0,0,0,0,0,0,0,0,0,0,-26,1,0,0,0,0,6.000657526,0,13.4224634,1.004913076,0,0,0,0,0,0,0,0,0,0,0,0,0,0,0,0,0
19/01/2013,1,35140.5,5.345145914,5.112895734,0,0,0,0,0,0,0,0,0,0,0,0,-26,96,0,0,0,0,1.156777724,24.83660131,13.1869475,1.418367347,0,0,0,0,0,0,0,0,0,0,0,0,0,0,0,0,0
26/01/2013,1,33303.2,5.341444666,5.10367659,0,0,0,0,0,0,0,0,0,0,0,0,-26,15,0,0,0,0,1.966959803,42.86666667,20.33113604,0.933673469,0,0,0,0,0,0,0,0,0,0,0,0,0,0,0,0,0
02/02/2013,2,30298.6,5.326411121,5.080572224,0,0,0,0,0,0,0,0,0,0,0,0,-26,12,0,0,0,0,6.719512334,0,32.02289689,2.566515495,0,0,0,0,0,0,0,0,0,0,0,0,0,0,0,0,0
09/02/2013,2,30888.8,5.300947269,5.115269249,0,0,0,0,0,0,0,0,0,0,0,0,-26,57,0,0,0,0,4.86551384,1,15.09473684,1.984693878,0,0,0,0,0,0,0,0,0,0,0,0,0,0,0,0,0
16/02/2013,2,30711.3,5.272912576,5.131474058,0,0,0,0,0,0,0,0,0,0,0,0,-26,100,0,0,0,0,4.454613329,27.5,26.12806271,1.586734694,0,1,0,0,0,0,0,0,0,0,0,0,0,0,0,0,0
23/02/2013,2,24242.2,5.322780111,2.758475992,0,0,0,0,0,0,0,0,0,0.427448871,0,0,-26,46,0,0,0,0,3.058174779,2.648841355,0.689613017,3.853930461,0,0,0,0,0,0,0,0,0,0,0,0,0,0,0,0,0
02/03/2013,3,20800.5,5.079070215,2.568925743,0,0,0,0,0,0,0,0.427448871,0,0.49869035,0,0,-26.0122449,36,0,0,0,0,4.45650245,0.060606061,0.907112428,3.457105064,0,0,0,0,0,0,0,0,0,0,0,0,0,0,0,0,0
09/03/2013,3,16095.7,5.141621675,2.569293923,0,0,0,0,0,0,0,0.356207393,0,0.49869035,0,0,-26.17142857,18,0,0,0,0,6.276078817,0,11.6093673,1.596938776,0,0,0,0,0,0,0,0,0,0,0,0,0,0,0,0,0
16/03/2013,3,19782.1,5.269197911,3.053402083,0,0,0,0,0,0,0,0,0,0.213724436,0,0,-26.37142857,15,0,0,0,0,3.263325909,3.25,12.69923036,3.617346939,0,0,0,0,0,0,0,0,0,0,0,0,0,0,1,0,0
23/03/2013,3,24570,5.318323158,4.839226764,0,0,0,0,0,0,0,0,0,0,0,0,-26.57142857,10,0,0,0,0,3.451456218,6.142857143,25.7698199,1.333144369,0,0,0,0,0,0,0,0,0,0,0,0,0,0,0,0,1
30/03/2013,3,30625,5.300143673,5.106245727,0,0,0,0,0,0,0,0,0,0,0,0,-26.77142857,9,0,0,0,0,2.450268641,25.66666667,0.94522863,3.403061224,0,0,0,0,0,0,0,0,0,0,1,0,0,0,0,0,0
06/04/2013,4,20501.7,5.357638635,2.696799229,0,0,0,0,0,0,0,0,0,0.426070624,0,0,-26.88265306,6,0,0,0,0,4.997806506,0.03030303,0.539199561,6.760204082,0,0,1,0,0,0,0,0,0,0,1,0,0,0,0,0,0
13/04/2013,4,16482.5,4.991415137,2.61397857,0,0,0,0,0,0,0,0.284047083,0,0.497082395,0,0,-25.92857143,6,0,22282,0,0,7.135445304,0,11.84116461,3.609599395,0,0,0,0,0,0,0,0,0,0,0,0,0,0,0,0,0
20/04/2013,4,13507,4.682290664,2.57716689,0,0,0,0,0,0,0,0.284047083,0,0.497082395,0,0,-24.67857143,6,0,9598,0,0,11.40751561,0,14.44400896,5.679516251,0,0,0,0,0,0,0,0,0,0,0,0,0,0,0,0,0
27/04/2013,4,19356.7,5.043328667,3.031868363,0,0,0,0,0,0,0,0,0,0.213035312,0,0,-23.42857143,5,0,0,0,0,10.30963358,0,9.605263158,5.566326531,0,0,0,0,0,0,0,0,0,0,0,0,0,0,0,0,0
04/05/2013,5,23302.9,5.133275258,4.823281936,0,0,0,0,0,0,0,0,0,0,0,0,-22.23979592,4,0,0,0,0,10.69181523,0,9.388020717,7.318972033,0,0,0,0,0,0,0,0,0,0,0,0,0,0,0,0,0
11/05/2013,5,26902.7,5.155906284,5.106695949,0,0,0,0,0,0,0,0,0,0,0,0,-21.78571429,4,0,0,0,0,12.76879296,0,12.80623329,5.558171987,0,0,0,1,0,0,0,0,0,0,1,0,0,0,0,0,0
18/05/2013,5,47666.8,4.522938397,5.027000316,0,0.057492438,0,0,0,0,0.114984876,0,0,0,0,0,-21.53571429,3,0,0,0,0,10.21101476,0,25.37597624,5.156578871,0,0,0,0,0,0,0,0,0,0,0,0,0,0,0,0,0
25/05/2013,5,64801.2,4.385344716,4.878501614,0,0.201223533,0,0,0,0,0.201223533,0,0,0,0,0,-21.28571429,3,0,0,4778.78,0,11.61220884,0,6.560375486,5.441043084,0,0,0,0,0,0,0,0,0,0,0,0,0,0,0,0,0
01/06/2013,6,66283.5,4.405395008,5.10048797,0,0.201223533,0,0,0,0,0.201223533,0,0,0,0,0,-20.98979592,2,0,0,4778.78,0,13.39948238,0,15.83072788,6.308012094,0,0,0,0,1,0,0,0,0,0,1,0,0,0,0,0,0
08/06/2013,6,67705,4.399743003,5.124440539,0,0.201223533,0,0,0,0,0.201223533,0,0,0,0,0,-20.14285714,2,0,0,4778.78,0,16.28385716,0,1.032490096,9.583522298,0,0,0,0,0,0,0,0,0,0,0,0,0,0,0,0,0
15/06/2013,6,66751.2,4.386133882,5.110709183,0,0.201223533,0,0,0,0,0.201223533,0,0,0,0,0,-19.14285714,2,0,0,0,0,14.56738084,0,15.34844298,4.276077098,0,0,0,0,0,0,0,0,0,0,0,0,0,0,0,0,0
22/06/2013,6,61172.9,4.389961895,5.023085278,0,0.114984876,0,0,0,0,0.201223533,0,0,0,0,0,-18.14285714,2,0,0,0,0,16.20888484,0,9.313421053,4.017195767,0,0,0,0,0,0,0,0,0,0,0,0,0,0,0,1,0
29/06/2013,6,37369.6,4.68751338,5.054963394,0,0,0,0,0,0,0.057492438,0,0,0,0,0,-17.14285714,1,0,0,0,0,15.07080301,0,11.04857456,3.782123961,0,0,0,0,0,0,0,0,0,0,0,0,0,0,0,0,0
06/07/2013,7,30593.2,5.146561981,5.122253427,0,0,0,0,0,0,0,0,0,0,0,0,-16.15816327,0,0,0,2741.484,0,17.1016278,0,7.362642544,6.142857143,0,0,0,0,0,0,0,0,0,0,0,0,0,0,0,0,0
13/07/2013,7,29555.4,5.147032353,5.104927503,0,0,0,0,0,0,0,0,0,0,0,0,-15.35714286,0,0,0,2741.484,0,20.44695098,0,0.413311404,10.06632653,0,0,0,0,0,0,0,0,0,0,0,0,0,0,0,0,0
20/07/2013,7,26666.6,5.131711579,5.09390903,0,0,0,0,0,0,0,0,0,0,0,0,-14.60714286,0,0,0,2741.484,0,21.74035638,0,0.749913505,9.415064248,0,0,0,0,0,0,0,0,0,0,0,0,0,0,0,0,0
27/07/2013,7,26652.5,5.159714849,5.09613472,0,0,0,0,0,0,0,0,0,0,0,0,-13.85714286,0,0,0,0,0,20.52875482,0,13.65840769,5.901534973,0,0,0,0,0,0,0,0,0,0,0,0,0,0,0,0,0
03/08/2013,8,27465.2,5.170044274,5.085976304,0,0,0,0,0,0,0,0,0,0,0,0,-13.11632653,0,0,0,0,0,19.44688685,0,30.48609728,5.680555556,0,0,0,0,0,0,0,0,0,0,0,0,0,0,0,0,0
10/08/2013,8,50749,4.559114465,5.084617837,0,0,0,0,0,0,0.120746667,0,0,0,0,0,-12.48571429,0,0,0,0,0,17.82882578,0,17.88567833,5,0,0,0,0,0,0,0,0,0,0,0,0,0,0,0,0,0
17/08/2013,8,62276.1,4.409484537,4.970716388,0,0,0,0,0,0,0.169045334,0,0,0,0,0,-11.88571429,0,0,0,0,0,17.50935528,0,16.46083276,4.173091459,0,0,0,0,0,0,0,0,0,0,0,0,0,0,0,0,0
24/08/2013,8,63342.5,4.393348857,5.01224487,0,0,0,0,0,0,0.169045334,0,0,0,0,0,-11.28571429,0,0,0,0,0,18.1143138,0,11.73447077,4.443310658,0,0,0,0,0,0,0,0,0,0,0,0,0,0,0,0,0
31/08/2013,8,63619.9,4.405036789,4.884103008,0,0,0,0,0,0,0.169045334,0,0,0,0,0,-10.68571429,0,0,0,0,0,17.84211012,0,3.890757264,5.424603175,0,0,0,0,0,1,0,0,0,0,1,0,0,0,0,0,0
07/09/2013,9,63349.3,4.398530055,4.874486543,0,0,0,0,0,0,0.169045334,0,0,0,0,0,-10.1377551,0,0,0,0,0,16.96771736,0,14.16808511,5.6,0,0,0,0,0,0,0,0,0,0,0,0,0,0,0,0,0
14/09/2013,9,61144.7,4.393478094,4.93886108,0,0,0,0,0,0,0.169045334,0,0,0,0,0,-10.21428571,0,0,0,0,0,13.76917945,0,18.53280714,3.124285714,0,0,0,0,0,0,0,0,0,0,0,0,0,0,0,0,0
21/09/2013,9,35761.1,4.710271776,4.470451139,0,0,0,0,0,0,0.072448,0,0.124109258,0,0,0,-10.46428571,0,0,0,0,0,13.11182638,0,18.06546938,3.047857143,0,0,0,0,0,0,0,0,0,0,0,0,0,0,0,0,0
28/09/2013,9,22516.6,5.110203139,4.372208966,0,0,0,0,0,0,0,0,0.144794134,0,0,0,-10.71428571,0,0,0,0,0,15.1630497,0,3.90052644,3.146428571,0,0,0,0,0,0,0,0,0,0,0,0,0,0,0,0,0
05/10/2013,10,21648.1,5.138681917,4.388627814,0,0,0,0,0,0,0,0,0.144794134,0,0,0.234406249,-10.96428571,0,0,0,0,0,14.80823961,0,12.07132867,2.655331263,0,0,0,0,0,0,0,0,0,0,0,0,0,0,0,0,0
12/10/2013,10,47917.4,4.511843297,4.589144487,0,0,0,0,0,0,0.119394642,0,0.062054629,0,0,0.200919642,-11.21428571,0,0,0,0,0,12.31725697,0,6.66993007,3.289285714,0,0,0,0,0,0,0,0,0,0,0,0,0,0,0,0,0
19/10/2013,10,64430.3,4.400379945,4.760550199,0,0,0,0,0,0,0.167152499,0,0,0,0,0,-11.46428571,0,0,0,0,0,11.47234604,0,16.62237762,1.906428571,0,0,0,0,0,0,0,0,0,0,0,0,0,0,0,0,0
26/10/2013,10,66552.3,4.404065675,5.019516495,0,0,0,0,0,0,0.167152499,0,0,0,0,0,-11.71428571,0,0,0,0,0,12.95032781,0.129032258,21.93566434,2.115714286,0,0,0,0,0,0,0,0,0,0,0,0,0,0,0,0,0
02/11/2013,11,42539.8,4.681747446,2.698015115,0,0,0,0,0,0,0.095515714,0,0,0.355710359,0,0,-11.96122449,0,0,0,0,0,10.13202942,0.164516129,22.27412587,2.779761905,0,0,0,0,0,0,0,0,0,0,0,0,0,0,0,0,0
09/11/2013,11,23562.1,4.935481133,2.568603322,0,0,0,0,0,0,0,0.284568287,0,0.497994502,0,0.254487875,-12.17142857,0,0,0,0,0,7.1776841,4.451612903,18.38601399,2.728809524,0,0,0,0,0,0,0,0,0,0,0,0,0,0,0,0,0
16/11/2013,11,22097.5,4.813530942,2.566481109,0,0,0,0,0,0,0,0.213426215,0,0.497994502,0,0.254487875,-12.37142857,0,0,0,0,0,7.860634228,0,8.654545455,3.023809524,0,0,0,0,0,0,0,0,0,0,0,0,0,0,0,0,0
23/11/2013,11,50731.3,4.482433921,2.844935769,0,0,0,0,0,0,0.133538989,0,0,0.213426215,0,0.145421643,-12.57142857,0,0,0,0,0,5.093405023,0,8.738461538,2.497142857,0,0,0,0,0,0,0,0,0,0,0,0,0,0,0,0,0
30/11/2013,11,63302.6,4.457275057,4.789994637,0,0,0,0,0,0,0.155795488,0,0,0,0,0,-12.77142857,0,0,0,0,0,6.812385121,0,2.230769231,1.268095238,0,0,0,0,0,0,0,0,0,0,0,0,0,0,0,0,0
07/12/2013,12,61301.8,4.465309338,5.057353725,0,0,0,0,0,0,0.155795488,0,0,0,0,0,-12.86734694,0,0,0,0,0,6.004720899,0,5.833566434,1.158809524,0,0,0,0,0,0,0,0,0,0,0,0,0,0,0,0,0
14/12/2013,12,37536.7,4.825317622,4.484005936,0,0,0,0,0,0,0.066769495,0,0.120102641,0,0,0,-11.71428571,0,0,0,0,0,8.826750319,0,7.651748252,1.032619048,0,0,0,0,0,0,0,0,0,0,0,0,0,0,0,0,0
21/12/2013,12,28966.1,5.272418448,4.400704017,0,0,0,0,0,0,0,0,0.140119748,0,0,0,-10.21428571,0,0,0,0,0,7.917739471,0,22.26713287,1.270714286,0,0,0,0,0,0,0,0,0,0,0,0,0,0,0,0,0
28/12/2013,12,27147.8,5.283080029,4.396130902,0,0,0,0,0,0,0,0,0.140119748,0,0,0,-8.714285714,0,0,0,0,0,5.846956696,0,26.52727273,1.771428571,0,0,0,0,0,0,1,0,0,0,2,0,0,0,0,0,0
04/01/2014,1,49421.1,4.70774224,4.509657596,0,0,0,0,0,0,0.132100577,0,0.06005132,0,0,0,-7.306122449,0,0,0,0,0,6.595321304,0,35.7013986,1.6,1,0,0,0,0,0,0,1,0,0,1,0,0,0,0,0,0
11/01/2014,1,59239.3,4.466511252,5.11245399,0,0,0,0,0,0,0.15411734,0,0,0,0,0,-7,0,0,0,0,0,7.122689585,0,26.28568443,2.171428571,0,0,0,0,0,0,0,0,0,0,0,0,0,0,0,0,0
18/01/2014,1,57208.5,4.471232422,5.057624802,0,0,0,0,0,0,0.15411734,0,0,0,0,0,-7,0,0,0,0,0,6.443406044,0,28.56214734,1.342857143,0,0,0,0,0,0,0,0,0,0,0,0,0,0,0,0,0
25/01/2014,1,33781.7,4.82620472,4.470795969,0,0,0,0,0,0,0.044033526,0,0.11559254,0,0,0,-7,0,0,0,0,0,5.583914424,0,29.01599257,1.503571429,0,0,0,0,0,0,0,0,0,0,0,0,0,0,0,0,0
01/02/2014,2,21913.2,5.216914919,4.393052389,0,0,0,0,0,0,0,0,0.134857964,0,0,0.248651305,-6.969387755,0,0,0,0,0,5.295590179,0,37.42797541,0.898571429,0,0,0,0,0,0,0,0,0,0,0,0,0,0,0,0,0
08/02/2014,2,21886,5.272598922,4.39597691,0,0,0,0,0,0,0,0,0.134857964,0,0,0.248651305,-6.571428571,0,0,0,0,0,6.394611979,0,33.55730571,2.344285714,0,0,0,0,0,0,0,0,0,0,0,0,0,0,0,0,0
15/02/2014,2,49485.5,4.599945439,4.629773375,0,0,0,0,0,0,0.108729102,0,0.05779627,0,0,0.248651305,-6.071428571,0,0,0,0,0,5.58780831,0,39.80237904,2.098333333,0,1,0,0,0,0,0,0,0,0,0,0,0,0,0,0,0
22/02/2014,2,64863,4.46140789,5.059966216,0,0,0,0,0,0,0.152220742,0,0,0,0,0,-5.571428571,0,0,0,0,0,7.016301317,0,17.70771852,3.052857143,0,0,0,0,0,0,0,0,0,0,0,0,0,0,0,0,0
01/03/2014,3,67408.1,4.422309782,5.066989153,0,0,0,0,0,0,0.152220742,0,0,0,0,0,-5.07755102,0,0,0,0,0,7.17879311,0,22.30126467,3.651428571,0,0,0,0,0,0,0,0,0,0,0,0,0,0,0,0,0
08/03/2014,3,92466.6,3.398686661,5.077797554,0,0.253861289,0,0,0,0,0.355405804,0,0,0,0,0,-4.657142857,0,0,0,0,0,7.975475936,0,20.5680512,3.227857143,0,0,0,0,0,0,0,0,0,0,0,0,0,0,0,0,0
15/03/2014,3,51953,3.533026004,4.482442863,0,0,0,0,0,0,0.152316773,0,0.112466763,0,0,0,-4.257142857,0,0,0,0,0,9.16029912,0,3.207340648,5.062857143,0,0,0,0,0,0,0,0,0,0,0,0,0,0,0,0,0
22/03/2014,3,24162.8,4.974895294,4.399867094,0,0,0,0,0,0,0,0,0.131211224,0,0,0,-3.857142857,0,0,0,0,0,9.074150182,0,15.29249289,4.116666667,0,0,0,0,0,0,0,0,0,0,0,0,0,0,0,0,1
29/03/2014,3,26624.8,5.013232024,4.398776309,0,0,0,0,0,0,0,0,0.131211224,0,0,0,-3.457142857,0,0,0,0,0,7.601570617,0,11.83628527,4.857857143,0,0,0,0,0,0,0,0,0,0,0,0,0,0,0,0,0
05/04/2014,4,51724.7,4.527974063,4.619278513,0,0,0,0,0,0,0.094899412,0,0,0,0,0,-3.081632653,0,0,0,0,0,11.27142591,0,9.50279673,1.931428571,0,0,0,0,0,0,0,0,0,0,0,0,0,0,1,0,0
12/04/2014,4,63966.8,4.396957484,4.982935121,0,0,0,0,0,0,0.16607397,0,0,0,0,0,-3,0,0,0,0,29125,10.89089062,0,14.32348528,4.476428571,0,0,0,0,0,0,0,0,0,0,0,0,0,0,0,0,0
19/04/2014,4,75415.3,4.411847463,5.064398485,0,0,0,0,0,0,0.16607397,0,0,0,0,0,-3,0,0,0,0,29125,10.9496898,0,3.090521304,8.575652174,0,0,0,0,0,0,0,0,0,0,1,0,0,0,0,0,0
26/04/2014,4,35860.6,4.689890855,2.646744748,0,0,0,0,0,0,0.047449706,0,0,0.272789834,0,0,-3,0,0,0,0,29125,11.85134333,0,20.12439024,4.051428571,0,0,1,0,0,0,0,0,0,0,1,0,0,0,0,0,0
